{
	"format_version": "1.22",
	"texture_size": [64, 96],
	"textures": {
		"0": "magical_addons:entity/automaton_hurt_layer",
		"particle": "magical_addons:entity/automaton_hurt_layer"
	},
	"elements": [
		{
			"from": [6.89739, 8.02568, 6.71792],
			"to": [9.89739, 9.02568, 9.71792],
			"rotation": {"x": 0, "y": -11.4258, "z": 1.1426, "origin": [9.39739, 5.02568, 7.21792]},
			"rotated": [0, -11.4258, 1.1426],
			"faces": {
				"north": {"uv": [5, 0, 8, 0.66667], "texture": "#0"},
				"east": {"uv": [5, 0, 8, 0.66667], "texture": "#0"},
				"south": {"uv": [5, 0, 8, 0.66667], "texture": "#0"},
				"west": {"uv": [5, 0, 8, 0.66667], "texture": "#0"},
				"up": {"uv": [5, 0, 8, 2], "texture": "#0"},
				"down": {"uv": [4, 0.66667, 7, 2.66667], "texture": "#0"}
			}
		},
		{
			"from": [7.14739, 9.02568, 7.21792],
			"to": [9.64739, 9.27568, 9.21792],
			"rotation": {"x": 0, "y": -11.4258, "z": 1.1426, "origin": [9.39739, 5.02568, 7.21792]},
			"rotated": [0, -11.4258, 1.1426],
			"faces": {
				"north": {"uv": [4, 1.66667, 6.5, 1.83333], "texture": "#0"},
				"east": {"uv": [4, 1.66667, 6.5, 1.83333], "texture": "#0"},
				"south": {"uv": [4, 1.66667, 6.5, 1.83333], "texture": "#0"},
				"west": {"uv": [4, 1.66667, 6.5, 1.83333], "texture": "#0"},
				"up": {"uv": [4, 0, 6.5, 1.33333], "texture": "#0"},
				"down": {"uv": [4, 0, 6.5, 1.33333], "texture": "#0"}
			}
		},
		{
			"from": [7.39739, 9.27568, 7.71792],
			"to": [9.39739, 10.52568, 8.71792],
			"rotation": {"x": 0, "y": -11.4258, "z": 1.1426, "origin": [9.39739, 5.02568, 7.21792]},
			"rotated": [0, -11.4258, 1.1426],
			"faces": {
				"north": {"uv": [4, 1.83333, 6, 2.66667], "texture": "#0"},
				"east": {"uv": [7, 1.83333, 8, 2.66667], "texture": "#0"},
				"south": {"uv": [4, 1.83333, 6, 2.66667], "texture": "#0"},
				"west": {"uv": [7, 1.83333, 8, 2.66667], "texture": "#0"},
				"up": {"uv": [4, 0, 6, 0.66667], "texture": "#0"},
				"down": {"uv": [4, 0, 6, 0.66667], "texture": "#0"}
			}
		},
		{
			"from": [6.39739, 10.52568, 6.96792],
			"to": [10.39739, 12.02568, 9.46792],
			"rotation": {"x": 0, "y": -11.4258, "z": 1.1426, "origin": [9.39739, 5.02568, 7.21792]},
			"rotated": [0, -11.4258, 1.1426],
			"faces": {
				"north": {"uv": [4, 0, 8, 1], "texture": "#0"},
				"east": {"uv": [4, 0, 8, 1], "texture": "#0"},
				"south": {"uv": [4, 0, 8, 1], "texture": "#0"},
				"west": {"uv": [4, 0, 8, 1], "texture": "#0"},
				"up": {"uv": [4, 0, 8, 1.66667], "texture": "#0"},
				"down": {"uv": [4, 0, 8, 1.66667], "texture": "#0"}
			}
		},
		{
			"name": "eye",
			"from": [7, 17.25, 4.25],
			"to": [9, 19.25, 5],
			"rotation": {"x": 0, "y": -11.4258, "z": 1.1426, "origin": [8, 16, 8]},
			"rotated": [0, -11.4258, 1.1426],
			"faces": {
				"north": {"uv": [13, 11.33333, 15, 12.66667], "texture": "#0"},
				"east": {"uv": [13, 10.66667, 15, 11.16667], "rotation": 90, "texture": "#0"},
				"west": {"uv": [13, 11.16667, 15, 10.66667], "rotation": 90, "texture": "#0"},
				"up": {"uv": [13, 10.66667, 15, 11.16667], "texture": "#0"},
				"down": {"uv": [13, 11.16667, 15, 10.66667], "texture": "#0"}
			}
		},
		{
			"name": "right_collar_bone",
			"from": [10, 16, 6],
			"to": [14, 20, 10],
			"rotation": {"x": 0, "y": -11.4258, "z": 1.1426, "origin": [8, 16, 8]},
			"rotated": [0, -11.4258, 1.1426],
			"faces": {
				"north": {"uv": [8, 2.66667, 12, 5.33333], "texture": "#0"},
				"east": {"uv": [8, 2.66667, 12, 5.33333], "texture": "#0"},
				"south": {"uv": [8, 2.66667, 12, 5.33333], "texture": "#0"},
				"west": {"uv": [8, 2.66667, 12, 5.33333], "texture": "#0"},
				"up": {"uv": [8, 2.66667, 12, 5.33333], "texture": "#0"},
				"down": {"uv": [8, 2.66667, 12, 5.33333], "texture": "#0"}
			}
		},
		{
			"from": [4.37788, 11.90702, 5.02933],
			"to": [6.37788, 13.90702, 9.02933],
			"rotation": {"x": 0, "y": -11.4258, "z": 1.1426, "origin": [3.37788, 11.90702, 6.02933]},
			"rotated": [0, -11.4258, 1.1426],
			"faces": {
				"north": {"uv": [0, 0, 2, 1.33333], "texture": "#0"},
				"east": {"uv": [4, 2.66667, 0, 1.33333], "texture": "#0"},
				"south": {"uv": [0, 0, 2, 1.33333], "texture": "#0"},
				"west": {"uv": [4, 2.66667, 0, 1.33333], "texture": "#0"},
				"up": {"uv": [4, 0, 0, 1.33333], "rotation": 270, "texture": "#0"},
				"down": {"uv": [4, 0, 0, 1.33333], "rotation": 90, "texture": "#0"}
			}
		},
		{
			"from": [2.37788, 13.90702, 5.02933],
			"to": [6.37788, 15.90702, 9.02933],
			"rotation": {"x": 0, "y": -11.4258, "z": 1.1426, "origin": [3.37788, 11.90702, 6.02933]},
			"rotated": [0, -11.4258, 1.1426],
			"faces": {
				"north": {"uv": [4, 1.33333, 0, 0], "rotation": 180, "texture": "#0"},
				"east": {"uv": [2, 2.66667, 0, 0], "rotation": 90, "texture": "#0"},
				"south": {"uv": [4, 1.33333, 0, 0], "texture": "#0"},
				"west": {"uv": [2, 2.66667, 0, 0], "rotation": 270, "texture": "#0"},
				"up": {"uv": [4, 2.66667, 0, 0], "texture": "#0"},
				"down": {"uv": [4, 2.66667, 0, 0], "rotation": 180, "texture": "#0"}
			}
		},
		{
			"from": [9.56364, 14.09042, 6.95086],
			"to": [13.56364, 16.09042, 10.95086],
			"rotation": {"x": 0, "y": -11.4258, "z": 1.1426, "origin": [12.56364, 13.09042, 10.95086]},
			"rotated": [0, -11.4258, 1.1426],
			"faces": {
				"north": {"uv": [4, 1.33333, 0, 0], "rotation": 180, "texture": "#0"},
				"east": {"uv": [2, 2.66667, 0, 0], "rotation": 90, "texture": "#0"},
				"south": {"uv": [4, 1.33333, 0, 0], "texture": "#0"},
				"west": {"uv": [2, 2.66667, 0, 0], "rotation": 270, "texture": "#0"},
				"up": {"uv": [4, 2.66667, 0, 0], "texture": "#0"},
				"down": {"uv": [4, 2.66667, 0, 0], "rotation": 180, "texture": "#0"}
			}
		},
		{
			"from": [9.56364, 12.09042, 6.95086],
			"to": [11.56364, 14.09042, 10.95086],
			"rotation": {"x": 0, "y": -11.4258, "z": 1.1426, "origin": [12.56364, 13.09042, 10.95086]},
			"rotated": [0, -11.4258, 1.1426],
			"faces": {
				"north": {"uv": [0, 0, 2, 1.33333], "texture": "#0"},
				"east": {"uv": [4, 2.66667, 0, 1.33333], "texture": "#0"},
				"south": {"uv": [0, 0, 2, 1.33333], "texture": "#0"},
				"west": {"uv": [4, 2.66667, 0, 1.33333], "texture": "#0"},
				"up": {"uv": [4, 0, 0, 1.33333], "rotation": 270, "texture": "#0"},
				"down": {"uv": [4, 0, 0, 1.33333], "rotation": 90, "texture": "#0"}
			}
		},
		{
			"name": "stomach",
			"from": [6, 12, 6],
			"to": [10, 16, 10],
			"rotation": {"x": 0, "y": -11.4258, "z": 1.1426, "origin": [8, 16, 8]},
			"rotated": [0, -11.4258, 1.1426],
			"faces": {
				"north": {"uv": [0, 10.66667, 4, 13.33333], "texture": "#0"},
				"east": {"uv": [0, 10.66667, 4, 13.33333], "texture": "#0"},
				"south": {"uv": [0, 10.66667, 4, 13.33333], "texture": "#0"},
				"west": {"uv": [0, 10.66667, 4, 13.33333], "texture": "#0"},
				"up": {"uv": [0, 10.66667, 4, 13.33333], "texture": "#0"},
				"down": {"uv": [0, 10.66667, 4, 13.33333], "texture": "#0"}
			}
		},
		{
			"name": "left_collar_bone",
			"from": [2, 16, 6],
			"to": [6, 20, 10],
			"rotation": {"x": 0, "y": -11.4258, "z": 1.1426, "origin": [8, 16, 8]},
			"rotated": [0, -11.4258, 1.1426],
			"faces": {
				"north": {"uv": [8, 2.66667, 12, 5.33333], "texture": "#0"},
				"east": {"uv": [8, 2.66667, 12, 5.33333], "texture": "#0"},
				"south": {"uv": [8, 2.66667, 12, 5.33333], "texture": "#0"},
				"west": {"uv": [8, 2.66667, 12, 5.33333], "texture": "#0"},
				"up": {"uv": [8, 2.66667, 12, 5.33333], "texture": "#0"},
				"down": {"uv": [8, 2.66667, 12, 5.33333], "texture": "#0"}
			}
		},
		{
			"name": "back_cannon",
			"from": [6, 16, 7.75],
			"to": [10, 20, 11],
			"rotation": {"x": 0, "y": -11.4258, "z": 1.1426, "origin": [8, 16, 8]},
			"rotated": [0, -11.4258, 1.1426],
			"faces": {
				"north": {"uv": [4, 5.33333, 8, 8], "texture": "#0"},
				"east": {"uv": [16, 3.16667, 12, 5.33333], "rotation": 270, "texture": "#0"},
				"south": {"uv": [0, 5.33333, 4, 8], "texture": "#0"},
				"west": {"uv": [16, 5.33333, 12, 3.16667], "rotation": 270, "texture": "#0"},
				"up": {"uv": [16, 3.16667, 12, 5.33333],