{
	"format_version": "1.22",
	"texture_size": [64, 96],
	"textures": {
		"0": "magical_addons:entity/automaton_hurt_layer",
		"particle": "magical_addons:entity/automaton_hurt_layer"
	},
	"elements": [
		{
			"from": [6.6649, 8.00898, 6.58323],
			"to": [9.6649, 9.00898, 9.58323],
			"rotation": {"x": 0, "y": -4.5898, "z": 0.459, "origin": [9.1649, 5.00898, 7.08323]},
			"rotated": [0, -4.5898, 0.459],
			"faces": {
				"north": {"uv": [5, 0, 8, 0.66667], "texture": "#0"},
				"east": {"uv": [5, 0, 8, 0.66667], "texture": "#0"},
				"south": {"uv": [5, 0, 8, 0.66667], "texture": "#0"},
				"west": {"uv": [5, 0, 8, 0.66667], "texture": "#0"},
				"up": {"uv": [5, 0, 8, 2], "texture": "#0"},
				"down": {"uv": [4, 0.66667, 7, 2.66667], "texture": "#0"}
			}
		},
		{
			"from": [6.9149, 9.00898, 7.08323],
			"to": [9.4149, 9.25898, 9.08323],
			"rotation": {"x": 0, "y": -4.5898, "z": 0.459, "origin": [9.1649, 5.00898, 7.08323]},
			"rotated": [0, -4.5898, 0.459],
			"faces": {
				"north": {"uv": [4, 1.66667, 6.5, 1.83333], "texture": "#0"},
				"east": {"uv": [4, 1.66667, 6.5, 1.83333], "texture": "#0"},
				"south": {"uv": [4, 1.66667, 6.5, 1.83333], "texture": "#0"},
				"west": {"uv": [4, 1.66667, 6.5, 1.83333], "texture": "#0"},
				"up": {"uv": [4, 0, 6.5, 1.33333], "texture": "#0"},
				"down": {"uv": [4, 0, 6.5, 1.33333], "texture": "#0"}
			}
		},
		{
			"from": [7.1649, 9.25898, 7.58323],
			"to": [9.1649, 10.50898, 8.58323],
			"rotation": {"x": 0, "y": -4.5898, "z": 0.459, "origin": [9.1649, 5.00898, 7.08323]},
			"rotated": [0, -4.5898, 0.459],
			"faces": {
				"north": {"uv": [4, 1.83333, 6, 2.66667], "texture": "#0"},
				"east": {"uv": [7, 1.83333, 8, 2.66667], "texture": "#0"},
				"south": {"uv": [4, 1.83333, 6, 2.66667], "texture": "#0"},
				"west": {"uv": [7, 1.83333, 8, 2.66667], "texture": "#0"},
				"up": {"uv": [4, 0, 6, 0.66667], "texture": "#0"},
				"down": {"uv": [4, 0, 6, 0.66667], "texture": "#0"}
			}
		},
		{
			"from": [6.1649, 10.50898, 6.83323],
			"to": [10.1649, 12.00898, 9.33323],
			"rotation": {"x": 0, "y": -4.5898, "z": 0.459, "origin": [9.1649, 5.00898, 7.08323]},
			"rotated": [0, -4.5898, 0.459],
			"faces": {
				"north": {"uv": [4, 0, 8, 1], "texture": "#0"},
				"east": {"uv": [4, 0, 8, 1], "texture": "#0"},
				"south": {"uv": [4, 0, 8, 1], "texture": "#0"},
				"west": {"uv": [4, 0, 8, 1], "texture": "#0"},
				"up": {"uv": [4, 0, 8, 1.66667], "texture": "#0"},
				"down": {"uv": [4, 0, 8, 1.66667], "texture": "#0"}
			}
		},
		{
			"name": "eye",
			"from": [7, 17.25, 4.25],
			"to": [9, 19.25, 5],
			"rotation": {"x": 0, "y": -4.5898, "z": 0.459, "origin": [8, 16, 8]},
			"rotated": [0, -4.5898, 0.459],
			"faces": {
				"north": {"uv": [13, 11.33333, 15, 12.66667], "texture": "#0"},
				"east": {"uv": [13, 10.66667, 15, 11.16667], "rotation": 90, "texture": "#0"},
				"west": {"uv": [13, 11.16667, 15, 10.66667], "rotation": 90, "texture": "#0"},
				"up": {"uv": [13, 10.66667, 15, 11.16667], "texture": "#0"},
				"down": {"uv": [13, 11.16667, 15, 10.66667], "texture": "#0"}
			}
		},
		{
			"name": "right_collar_bone",
			"from": [10, 16, 6],
			"to": [14, 20, 10],
			"rotation": {"x": 0, "y": -4.5898, "z": 0.459, "origin": [8, 16, 8]},
			"rotated": [0, -4.5898, 0.459],
			"faces": {
				"north": {"uv": [8, 2.66667, 12, 5.33333], "texture": "#0"},
				"east": {"uv": [8, 2.66667, 12, 5.33333], "texture": "#0"},
				"south": {"uv": [8, 2.66667, 12, 5.33333], "texture": "#0"},
				"west": {"uv": [8, 2.66667, 12, 5.33333], "texture": "#0"},
				"up": {"uv": [8, 2.66667, 12, 5.33333], "texture": "#0"},
				"down": {"uv": [8, 2.66667, 12, 5.33333], "texture": "#0"}
			}
		},
		{
			"from": [4.12826, 11.96084, 5.6031],
			"to": [6.12826, 13.96084, 9.6031],
			"rotation": {"x": 0, "y": -4.5898, "z": 0.459, "origin": [3.12826, 11.96084, 6.6031]},
			"rotated": [0, -4.5898, 0.459],
			"faces": {
				"north": {"uv": [0, 0, 2, 1.33333], "texture": "#0"},
				"east": {"uv": [4, 2.66667, 0, 1.33333], "texture": "#0"},
				"south": {"uv": [0, 0, 2, 1.33333], "texture": "#0"},
				"west": {"uv": [4, 2.66667, 0, 1.33333], "texture": "#0"},
				"up": {"uv": [4, 0, 0, 1.33333], "rotation": 270, "texture": "#0"},
				"down": {"uv": [4, 0, 0, 1.33333], "rotation": 90, "texture": "#0"}
			}
		},
		{
			"from": [2.12826, 13.96084, 5.6031],
			"to": [6.12826, 15.96084, 9.6031],
			"rotation": {"x": 0, "y": -4.5898, "z": 0.459, "origin": [3.12826, 11.96084, 6.6031]},
			"rotated": [0, -4.5898, 0.459],
			"faces": {
				"north": {"uv": [4, 1.33333, 0, 0], "rotation": 180, "texture": "#0"},
				"east": {"uv": [2, 2.66667, 0, 0], "rotation": 90, "texture": "#0"},
				"south": {"uv": [4, 1.33333, 0, 0], "texture": "#0"},
				"west": {"uv": [2, 2.66667, 0, 0], "rotation": 270, "texture": "#0"},
				"up": {"uv": [4, 2.66667, 0, 0], "texture": "#0"},
				"down": {"uv": [4, 2.66667, 0, 0], "rotation": 180, "texture": "#0"}
			}
		},
		{
			"from": [9.8478, 14.03874, 6.3937],
			"to": [13.8478, 16.03874, 10.3937],
			"rotation": {"x": 0, "y": -4.5898, "z": 0.459, "origin": [12.8478, 13.03874, 10.3937]},
			"rotated": [0, -4.5898, 0.459],
			"faces": {
				"north": {"uv": [4, 1.33333, 0, 0], "rotation": 180, "texture": "#0"},
				"east": {"uv": [2, 2.66667, 0, 0], "rotation": 90, "texture": "#0"},
				"south": {"uv": [4, 1.33333, 0, 0], "texture": "#0"},
				"west": {"uv": [2, 2.66667, 0, 0], "rotation": 270, "texture": "#0"},
				"up": {"uv": [4, 2.66667, 0, 0], "texture": "#0"},
				"down": {"uv": [4, 2.66667, 0, 0], "rotation": 180, "texture": "#0"}
			}
		},
		{
			"from": [9.8478, 12.03874, 6.3937],
			"to": [11.8478, 14.03874, 10.3937],
			"rotation": {"x": 0, "y": -4.5898, "z": 0.459, "origin": [12.8478, 13.03874, 10.3937]},
			"rotated": [0, -4.5898, 0.459],
			"faces": {
				"north": {"uv": [0, 0, 2, 1.33333], "texture": "#0"},
				"east": {"uv": [4, 2.66667, 0, 1.33333], "texture": "#0"},
				"south": {"uv": [0, 0, 2, 1.33333], "texture": "#0"},
				"west": {"uv": [4, 2.66667, 0, 1.33333], "texture": "#0"},
				"up": {"uv": [4, 0, 0, 1.33333], "rotation": 270, "texture": "#0"},
				"down": {"uv": [4, 0, 0, 1.33333], "rotation": 90, "texture": "#0"}
			}
		},
		{
			"name": "stomach",
			"from": [6, 12, 6],
			"to": [10, 16, 10],
			"rotation": {"x": 0, "y": -4.5898, "z": 0.459, "origin": [8, 16, 8]},
			"rotated": [0, -4.5898, 0.459],
			"faces": {
				"north": {"uv": [0, 10.66667, 4, 13.33333], "texture": "#0"},
				"east": {"uv": [0, 10.66667, 4, 13.33333], "texture": "#0"},
				"south": {"uv": [0, 10.66667, 4, 13.33333], "texture": "#0"},
				"west": {"uv": [0, 10.66667, 4, 13.33333], "texture": "#0"},
				"up": {"uv": [0, 10.66667, 4, 13.33333], "texture": "#0"},
				"down": {"uv": [0, 10.66667, 4, 13.33333], "texture": "#0"}
			}
		},
		{
			"name": "left_collar_bone",
			"from": [2, 16, 6],
			"to": [6, 20, 10],
			"rotation": {"x": 0, "y": -4.5898, "z": 0.459, "origin": [8, 16, 8]},
			"rotated": [0, -4.5898, 0.459],
			"faces": {
				"north": {"uv": [8, 2.66667, 12, 5.33333], "texture": "#0"},
				"east": {"uv": [8, 2.66667, 12, 5.33333], "texture": "#0"},
				"south": {"uv": [8, 2.66667, 12, 5.33333], "texture": "#0"},
				"west": {"uv": [8, 2.66667, 12, 5.33333], "texture": "#0"},
				"up": {"uv": [8, 2.66667, 12, 5.33333], "texture": "#0"},
				"down": {"uv": [8, 2.66667, 12, 5.33333], "texture": "#0"}
			}
		},
		{
			"name": "back_cannon",
			"from": [6, 16, 7.75],
			"to": [10, 20, 11],
			"rotation": {"x": 0, "y": -4.5898, "z": 0.459, "origin": [8, 16, 8]},
			"rotated": [0, -4.5898, 0.459],
			"faces": {
				"north": {"uv": [4, 5.33333, 8, 8], "texture": "#0"},
				"east": {"uv": [16, 3.16667, 12, 5.33333], "rotation": 270, "texture": "#0"},
				"south": {"uv": [0, 5.33333, 4, 8], "texture": "#0"},
				"west": {"uv": [16, 5.33333, 12, 3.16667], "rotation": 270, "texture": "#0"},
				"up": {"uv": [16, 3.16667, 12, 5.33333], "rotation": 180, "texture": "#0"},
				"down": {"uv": [16, 5.33333, 12, 3.16667],