{
	"format_version": "1.22",
	"texture_size": [64, 96],
	"textures": {
		"0": "magical_addons:entity/automaton_hurt_layer",
		"particle": "magical_addons:entity/automaton_hurt_layer"
	},
	"elements": [
		{
			"from": [6.20949, 7.98438, 6.42635],
			"to": [9.20949, 8.98438, 9.42635],
			"rotation": {"x": 0, "y": 4.3925, "z": -1.0981, "origin": [8.70949, 4.98438, 6.92635]},
			"rotated": [0, 4.3925, -1.0981],
			"faces": {
				"north": {"uv": [5, 0, 8, 0.66667], "texture": "#0"},
				"east": {"uv": [5, 0, 8, 0.66667], "texture": "#0"},
				"south": {"uv": [5, 0, 8, 0.66667], "texture": "#0"},
				"west": {"uv": [5, 0, 8, 0.66667], "texture": "#0"},
				"up": {"uv": [5, 0, 8, 2], "texture": "#0"},
				"down": {"uv": [4, 0.66667, 7, 2.66667], "texture": "#0"}
			}
		},
		{
			"from": [6.45949, 8.98438, 6.92635],
			"to": [8.95949, 9.23438, 8.92635],
			"rotation": {"x": 0, "y": 4.3925, "z": -1.0981, "origin": [8.70949, 4.98438, 6.92635]},
			"rotated": [0, 4.3925, -1.0981],
			"faces": {
				"north": {"uv": [4, 1.66667, 6.5, 1.83333], "texture": "#0"},
				"east": {"uv": [4, 1.66667, 6.5, 1.83333], "texture": "#0"},
				"south": {"uv": [4, 1.66667, 6.5, 1.83333], "texture": "#0"},
				"west": {"uv": [4, 1.66667, 6.5, 1.83333], "texture": "#0"},
				"up": {"uv": [4, 0, 6.5, 1.33333], "texture": "#0"},
				"down": {"uv": [4, 0, 6.5, 1.33333], "texture": "#0"}
			}
		},
		{
			"from": [6.70949, 9.23438, 7.42635],
			"to": [8.70949, 10.48438, 8.42635],
			"rotation": {"x": 0, "y": 4.3925, "z": -1.0981, "origin": [8.70949, 4.98438, 6.92635]},
			"rotated": [0, 4.3925, -1.0981],
			"faces": {
				"north": {"uv": [4, 1.83333, 6, 2.66667], "texture": "#0"},
				"east": {"uv": [7, 1.83333, 8, 2.66667], "texture": "#0"},
				"south": {"uv": [4, 1.83333, 6, 2.66667], "texture": "#0"},
				"west": {"uv": [7, 1.83333, 8, 2.66667], "texture": "#0"},
				"up": {"uv": [4, 0, 6, 0.66667], "texture": "#0"},
				"down": {"uv": [4, 0, 6, 0.66667], "texture": "#0"}
			}
		},
		{
			"from": [5.70949, 10.48438, 6.67635],
			"to": [9.70949, 11.98438, 9.17635],
			"rotation": {"x": 0, "y": 4.3925, "z": -1.0981, "origin": [8.70949, 4.98438, 6.92635]},
			"rotated": [0, 4.3925, -1.0981],
			"faces": {
				"north": {"uv": [4, 0, 8, 1], "texture": "#0"},
				"east": {"uv": [4, 0, 8, 1], "texture": "#0"},
				"south": {"uv": [4, 0, 8, 1], "texture": "#0"},
				"west": {"uv": [4, 0, 8, 1], "texture": "#0"},
				"up": {"uv": [4, 0, 8, 1.66667], "texture": "#0"},
				"down": {"uv": [4, 0, 8, 1.66667], "texture": "#0"}
			}
		},
		{
			"name": "eye",
			"from": [7, 17.25, 4.25],
			"to": [9, 19.25, 5],
			"rotation": {"x": 0, "y": 4.3925, "z": -1.0981, "origin": [8, 16, 8]},
			"rotated": [0, 4.3925, -1.0981],
			"faces": {
				"north": {"uv": [13, 11.33333, 15, 12.66667], "texture": "#0"},
				"east": {"uv": [13, 10.66667, 15, 11.16667], "rotation": 90, "texture": "#0"},
				"west": {"uv": [13, 11.16667, 15, 10.66667], "rotation": 90, "texture": "#0"},
				"up": {"uv": [13, 10.66667, 15, 11.16667], "texture": "#0"},
				"down": {"uv": [13, 11.16667, 15, 10.66667], "texture": "#0"}
			}
		},
		{
			"name": "right_collar_bone",
			"from": [10, 16, 6],
			"to": [14, 20, 10],
			"rotation": {"x": 0, "y": 4.3925, "z": -1.0981, "origin": [8, 16, 8]},
			"rotated": [0, 4.3925, -1.0981],
			"faces": {
				"north": {"uv": [8, 2.66667, 12, 5.33333], "texture": "#0"},
				"east": {"uv": [8, 2.66667, 12, 5.33333], "texture": "#0"},
				"south": {"uv": [8, 2.66667, 12, 5.33333], "texture": "#0"},
				"west": {"uv": [8, 2.66667, 12, 5.33333], "texture": "#0"},
				"up": {"uv": [8, 2.66667, 12, 5.33333], "texture": "#0"},
				"down": {"uv": [8, 2.66667, 12, 5.33333], "texture": "#0"}
			}
		},
		{
			"from": [3.86237, 12.09774, 6.38588],
			"to": [5.86237, 14.09774, 10.38588],
			"rotation": {"x": 0, "y": 4.3925, "z": -1.0981, "origin": [2.86237, 12.09774, 7.38588]},
			"rotated": [0, 4.3925, -1.0981],
			"faces": {
				"north": {"uv": [0, 0, 2, 1.33333], "texture": "#0"},
				"east": {"uv": [4, 2.66667, 0, 1.33333], "texture": "#0"},
				"south": {"uv": [0, 0, 2, 1.33333], "texture": "#0"},
				"west": {"uv": [4, 2.66667, 0, 1.33333], "texture": "#0"},
				"up": {"uv": [4, 0, 0, 1.33333], "rotation": 270, "texture": "#0"},
				"down": {"uv": [4, 0, 0, 1.33333], "rotation": 90, "texture": "#0"}
			}
		},
		{
			"from": [1.86237, 14.09774, 6.38588],
			"to": [5.86237, 16.09774, 10.38588],
			"rotation": {"x": 0, "y": 4.3925, "z": -1.0981, "origin": [2.86237, 12.09774, 7.38588]},
			"rotated": [0, 4.3925, -1.0981],
			"faces": {
				"north": {"uv": [4, 1.33333, 0, 0], "rotation": 180, "texture": "#0"},
				"east": {"uv": [2, 2.66667, 0, 0], "rotation": 90, "texture": "#0"},
				"south": {"uv": [4, 1.33333, 0, 0], "texture": "#0"},
				"west": {"uv": [2, 2.66667, 0, 0], "rotation": 270, "texture": "#0"},
				"up": {"uv": [4, 2.66667, 0, 0], "texture": "#0"},
				"down": {"uv": [4, 2.66667, 0, 0], "rotation": 180, "texture": "#0"}
			}
		},
		{
			"from": [10.08005, 13.90207, 5.61118],
			"to": [14.08005, 15.90207, 9.61118],
			"rotation": {"x": 0, "y": 4.3925, "z": -1.0981, "origin": [13.08005, 12.90207, 9.61118]},
			"rotated": [0, 4.3925, -1.0981],
			"faces": {
				"north": {"uv": [4, 1.33333, 0, 0], "rotation": 180, "texture": "#0"},
				"east": {"uv": [2, 2.66667, 0, 0], "rotation": 90, "texture": "#0"},
				"south": {"uv": [4, 1.33333, 0, 0], "texture": "#0"},
				"west": {"uv": [2, 2.66667, 0, 0], "rotation": 270, "texture": "#0"},
				"up": {"uv": [4, 2.66667, 0, 0], "texture": "#0"},
				"down": {"uv": [4, 2.66667, 0, 0], "rotation": 180, "texture": "#0"}
			}
		},
		{
			"from": [10.08005, 11.90207, 5.61118],
			"to": [12.08005, 13.90207, 9.61118],
			"rotation": {"x": 0, "y": 4.3925, "z": -1.0981, "origin": [13.08005, 12.90207, 9.61118]},
			"rotated": [0, 4.3925, -1.0981],
			"faces": {
				"north": {"uv": [0, 0, 2, 1.33333], "texture": "#0"},
				"east": {"uv": [4, 2.66667, 0, 1.33333], "texture": "#0"},
				"south": {"uv": [0, 0, 2, 1.33333], "texture": "#0"},
				"west": {"uv": [4, 2.66667, 0, 1.33333], "texture": "#0"},
				"up": {"uv": [4, 0, 0, 1.33333], "rotation": 270, "texture": "#0"},
				"down": {"uv": [4, 0, 0, 1.33333], "rotation": 90, "texture": "#0"}
			}
		},
		{
			"name": "stomach",
			"from": [6, 12, 6],
			"to": [10, 16, 10],
			"rotation": {"x": 0, "y": 4.3925, "z": -1.0981, "origin": [8, 16, 8]},
			"rotated": [0, 4.3925, -1.0981],
			"faces": {
				"north": {"uv": [0, 10.66667, 4, 13.33333], "texture": "#0"},
				"east": {"uv": [0, 10.66667, 4, 13.33333], "texture": "#0"},
				"south": {"uv": [0, 10.66667, 4, 13.33333], "texture": "#0"},
				"west": {"uv": [0, 10.66667, 4, 13.33333], "texture": "#0"},
				"up": {"uv": [0, 10.66667, 4, 13.33333], "texture": "#0"},
				"down": {"uv": [0, 10.66667, 4, 13.33333], "texture": "#0"}
			}
		},
		{
			"name": "left_collar_bone",
			"from": [2, 16, 6],
			"to": [6, 20, 10],
			"rotation": {"x": 0, "y": 4.3925, "z": -1.0981, "origin": [8, 16, 8]},
			"rotated": [0, 4.3925, -1.0981],
			"faces": {
				"north": {"uv": [8, 2.66667, 12, 5.33333], "texture": "#0"},
				"east": {"uv": [8, 2.66667, 12, 5.33333], "texture": "#0"},
				"south": {"uv": [8, 2.66667, 12, 5.33333], "texture": "#0"},
				"west": {"uv": [8, 2.66667, 12, 5.33333], "texture": "#0"},
				"up": {"uv": [8, 2.66667, 12, 5.33333], "texture": "#0"},
				"down": {"uv": [8, 2.66667, 12, 5.33333], "texture": "#0"}
			}
		},
		{
			"name": "back_cannon",
			"from": [6, 16, 7.75],
			"to": [10, 20, 11],
			"rotation": {"x": 0, "y": 4.3925, "z": -1.0981, "origin": [8, 16, 8]},
			"rotated": [0, 4.3925, -1.0981],
			"faces": {
				"north": {"uv": [4, 5.33333, 8, 8], "texture": "#0"},
				"east": {"uv": [16, 3.16667, 12, 5.33333], "rotation": 270, "texture": "#0"},
				"south": {"uv": [0, 5.33333, 4, 8], "texture": "#0"},
				"west": {"uv": [16, 5.33333, 12, 3.16667], "rotation": 270, "texture": "#0"},
				"up": {"uv": [16, 3.16667, 12, 5.33333], "rotation": 180,