{
	"format_version": "1.22",
	"texture_size": [64, 96],
	"textures": {
		"0": "magical_addons:entity/automaton_hurt_layer",
		"particle": "magical_addons:entity/automaton_hurt_layer"
	},
	"elements": [
		{
			"from": [6.3564, 7.99135, 6.46264],
			"to": [9.3564, 8.99135, 9.46264],
			"rotation": {"x": 0, "y": 2.1825, "z": -0.5456, "origin": [8.8564, 4.99135, 6.96264]},
			"rotated": [0, 2.1825, -0.5456],
			"faces": {
				"north": {"uv": [5, 0, 8, 0.66667], "texture": "#0"},
				"east": {"uv": [5, 0, 8, 0.66667], "texture": "#0"},
				"south": {"uv": [5, 0, 8, 0.66667], "texture": "#0"},
				"west": {"uv": [5, 0, 8, 0.66667], "texture": "#0"},
				"up": {"uv": [5, 0, 8, 2], "texture": "#0"},
				"down": {"uv": [4, 0.66667, 7, 2.66667], "texture": "#0"}
			}
		},
		{
			"from": [6.6064, 8.99135, 6.96264],
			"to": [9.1064, 9.24135, 8.96264],
			"rotation": {"x": 0, "y": 2.1825, "z": -0.5456, "origin": [8.8564, 4.99135, 6.96264]},
			"rotated": [0, 2.1825, -0.5456],
			"faces": {
				"north": {"uv": [4, 1.66667, 6.5, 1.83333], "texture": "#0"},
				"east": {"uv": [4, 1.66667, 6.5, 1.83333], "texture": "#0"},
				"south": {"uv": [4, 1.66667, 6.5, 1.83333], "texture": "#0"},
				"west": {"uv": [4, 1.66667, 6.5, 1.83333], "texture": "#0"},
				"up": {"uv": [4, 0, 6.5, 1.33333], "texture": "#0"},
				"down": {"uv": [4, 0, 6.5, 1.33333], "texture": "#0"}
			}
		},
		{
			"from": [6.8564, 9.24135, 7.46264],
			"to": [8.8564, 10.49135, 8.46264],
			"rotation": {"x": 0, "y": 2.1825, "z": -0.5456, "origin": [8.8564, 4.99135, 6.96264]},
			"rotated": [0, 2.1825, -0.5456],
			"faces": {
				"north": {"uv": [4, 1.83333, 6, 2.66667], "texture": "#0"},
				"east": {"uv": [7, 1.83333, 8, 2.66667], "texture": "#0"},
				"south": {"uv": [4, 1.83333, 6, 2.66667], "texture": "#0"},
				"west": {"uv": [7, 1.83333, 8, 2.66667], "texture": "#0"},
				"up": {"uv": [4, 0, 6, 0.66667], "texture": "#0"},
				"down": {"uv": [4, 0, 6, 0.66667], "texture": "#0"}
			}
		},
		{
			"from": [5.8564, 10.49135, 6.71264],
			"to": [9.8564, 11.99135, 9.21264],
			"rotation": {"x": 0, "y": 2.1825, "z": -0.5456, "origin": [8.8564, 4.99135, 6.96264]},
			"rotated": [0, 2.1825, -0.5456],
			"faces": {
				"north": {"uv": [4, 0, 8, 1], "texture": "#0"},
				"east": {"uv": [4, 0, 8, 1], "texture": "#0"},
				"south": {"uv": [4, 0, 8, 1], "texture": "#0"},
				"west": {"uv": [4, 0, 8, 1], "texture": "#0"},
				"up": {"uv": [4, 0, 8, 1.66667], "texture": "#0"},
				"down": {"uv": [4, 0, 8, 1.66667], "texture": "#0"}
			}
		},
		{
			"name": "eye",
			"from": [7, 17.25, 4.25],
			"to": [9, 19.25, 5],
			"rotation": {"x": 0, "y": 2.1825, "z": -0.5456, "origin": [8, 16, 8]},
			"rotated": [0, 2.1825, -0.5456],
			"faces": {
				"north": {"uv": [13, 11.33333, 15, 12.66667], "texture": "#0"},
				"east": {"uv": [13, 10.66667, 15, 11.16667], "rotation": 90, "texture": "#0"},
				"west": {"uv": [13, 11.16667, 15, 10.66667], "rotation": 90, "texture": "#0"},
				"up": {"uv": [13, 10.66667, 15, 11.16667], "texture": "#0"},
				"down": {"uv": [13, 11.16667, 15, 10.66667], "texture": "#0"}
			}
		},
		{
			"name": "right_collar_bone",
			"from": [10, 16, 6],
			"to": [14, 20, 10],
			"rotation": {"x": 0, "y": 2.1825, "z": -0.5456, "origin": [8, 16, 8]},
			"rotated": [0, 2.1825, -0.5456],
			"faces": {
				"north": {"uv": [8, 2.66667, 12, 5.33333], "texture": "#0"},
				"east": {"uv": [8, 2.66667, 12, 5.33333], "texture": "#0"},
				"south": {"uv": [8, 2.66667, 12, 5.33333], "texture": "#0"},
				"west": {"uv": [8, 2.66667, 12, 5.33333], "texture": "#0"},
				"up": {"uv": [8, 2.66667, 12, 5.33333], "texture": "#0"},
				"down": {"uv": [8, 2.66667, 12, 5.33333], "texture": "#0"}
			}
		},
		{
			"from": [3.92768, 12.04812, 6.19114],
			"to": [5.92768, 14.04812, 10.19114],
			"rotation": {"x": 0, "y": 2.1825, "z": -0.5456, "origin": [2.92768, 12.04812, 7.19114]},
			"rotated": [0, 2.1825, -0.5456],
			"faces": {
				"north": {"uv": [0, 0, 2, 1.33333], "texture": "#0"},
				"east": {"uv": [4, 2.66667, 0, 1.33333], "texture": "#0"},
				"south": {"uv": [0, 0, 2, 1.33333], "texture": "#0"},
				"west": {"uv": [4, 2.66667, 0, 1.33333], "texture": "#0"},
				"up": {"uv": [4, 0, 0, 1.33333], "rotation": 270, "texture": "#0"},
				"down": {"uv": [4, 0, 0, 1.33333], "rotation": 90, "texture": "#0"}
			}
		},
		{
			"from": [1.92768, 14.04812, 6.19114],
			"to": [5.92768, 16.04812, 10.19114],
			"rotation": {"x": 0, "y": 2.1825, "z": -0.5456, "origin": [2.92768, 12.04812, 7.19114]},
			"rotated": [0, 2.1825, -0.5456],
			"faces": {
				"north": {"uv": [4, 1.33333, 0, 0], "rotation": 180, "texture": "#0"},
				"east": {"uv": [2, 2.66667, 0, 0], "rotation": 90, "texture": "#0"},
				"south": {"uv": [4, 1.33333, 0, 0], "texture": "#0"},
				"west": {"uv": [2, 2.66667, 0, 0], "rotation": 270, "texture": "#0"},
				"up": {"uv": [4, 2.66667, 0, 0], "texture": "#0"},
				"down": {"uv": [4, 2.66667, 0, 0], "rotation": 180, "texture": "#0"}
			}
		},
		{
			"from": [10.04374, 13.95183, 5.80814],
			"to": [14.04374, 15.95183, 9.80814],
			"rotation": {"x": 0, "y": 2.1825, "z": -0.5456, "origin": [13.04374, 12.95183, 9.80814]},
			"rotated": [0, 2.1825, -0.5456],
			"faces": {
				"north": {"uv": [4, 1.33333, 0, 0], "rotation": 180, "texture": "#0"},
				"east": {"uv": [2, 2.66667, 0, 0], "rotation": 90, "texture": "#0"},
				"south": {"uv": [4, 1.33333, 0, 0], "texture": "#0"},
				"west": {"uv": [2, 2.66667, 0, 0], "rotation": 270, "texture": "#0"},
				"up": {"uv": [4, 2.66667, 0, 0], "texture": "#0"},
				"down": {"uv": [4, 2.66667, 0, 0], "rotation": 180, "texture": "#0"}
			}
		},
		{
			"from": [10.04374, 11.95183, 5.80814],
			"to": [12.04374, 13.95183, 9.80814],
			"rotation": {"x": 0, "y": 2.1825, "z": -0.5456, "origin": [13.04374, 12.95183, 9.80814]},
			"rotated": [0, 2.1825, -0.5456],
			"faces": {
				"north": {"uv": [0, 0, 2, 1.33333], "texture": "#0"},
				"east": {"uv": [4, 2.66667, 0, 1.33333], "texture": "#0"},
				"south": {"uv": [0, 0, 2, 1.33333], "texture": "#0"},
				"west": {"uv": [4, 2.66667, 0, 1.33333], "texture": "#0"},
				"up": {"uv": [4, 0, 0, 1.33333], "rotation": 270, "texture": "#0"},
				"down": {"uv": [4, 0, 0, 1.33333], "rotation": 90, "texture": "#0"}
			}
		},
		{
			"name": "stomach",
			"from": [6, 12, 6],
			"to": [10, 16, 10],
			"rotation": {"x": 0, "y": 2.1825, "z": -0.5456, "origin": [8, 16, 8]},
			"rotated": [0, 2.1825, -0.5456],
			"faces": {
				"north": {"uv": [0, 10.66667, 4, 13.33333], "texture": "#0"},
				"east": {"uv": [0, 10.66667, 4, 13.33333], "texture": "#0"},
				"south": {"uv": [0, 10.66667, 4, 13.33333], "texture": "#0"},
				"west": {"uv": [0, 10.66667, 4, 13.33333], "texture": "#0"},
				"up": {"uv": [0, 10.66667, 4, 13.33333], "texture": "#0"},
				"down": {"uv": [0, 10.66667, 4, 13.33333], "texture": "#0"}
			}
		},
		{
			"name": "left_collar_bone",
			"from": [2, 16, 6],
			"to": [6, 20, 10],
			"rotation": {"x": 0, "y": 2.1825, "z": -0.5456, "origin": [8, 16, 8]},
			"rotated": [0, 2.1825, -0.5456],
			"faces": {
				"north": {"uv": [8, 2.66667, 12, 5.33333], "texture": "#0"},
				"east": {"uv": [8, 2.66667, 12, 5.33333], "texture": "#0"},
				"south": {"uv": [8, 2.66667, 12, 5.33333], "texture": "#0"},
				"west": {"uv": [8, 2.66667, 12, 5.33333], "texture": "#0"},
				"up": {"uv": [8, 2.66667, 12, 5.33333], "texture": "#0"},
				"down": {"uv": [8, 2.66667, 12, 5.33333], "texture": "#0"}
			}
		},
		{
			"name": "back_cannon",
			"from": [6, 16, 7.75],
			"to": [10, 20, 11],
			"rotation": {"x": 0, "y": 2.1825, "z": -0.5456, "origin": [8, 16, 8]},
			"rotated": [0, 2.1825, -0.5456],
			"faces": {
				"north": {"uv": [4, 5.33333, 8, 8], "texture": "#0"},
				"east": {"uv": [16, 3.16667, 12, 5.33333], "rotation": 270, "texture": "#0"},
				"south": {"uv": [0, 5.33333, 4, 8], "texture": "#0"},
				"west": {"uv": [16, 5.33333, 12, 3.16667], "rotation": 270, "texture": "#0"},
				"up": {"uv": [16, 3.16667, 12, 5.33333], "rotation": 180, "texture": "#0"},