{
	"format_version": "1.22",
	"texture_size": [64, 96],
	"textures": {
		"0": "magical_addons:entity/automaton",
		"particle": "magical_addons:entity/automaton"
	},
	"elements": [
		{
			"from": [6.72302, 8.01711, 6.56176],
			"to": [9.72302, 9.01711, 9.56176],
			"rotation": {"x": 0, "y": -3.4375, "z": 0.8594, "origin": [9.22302, 5.01711, 7.06176]},
			"rotated": [0, -3.4375, 0.8594],
			"faces": {
				"north": {"uv": [5, 0, 8, 0.66667], "texture": "#0"},
				"east": {"uv": [5, 0, 8, 0.66667], "texture": "#0"},
				"south": {"uv": [5, 0, 8, 0.66667], "texture": "#0"},
				"west": {"uv": [5, 0, 8, 0.66667], "texture": "#0"},
				"up": {"uv": [5, 0, 8, 2], "texture": "#0"},
				"down": {"uv": [4, 0.66667, 7, 2.66667], "texture": "#0"}
			}
		},
		{
			"from": [6.97302, 9.01711, 7.06176],
			"to": [9.47302, 9.26711, 9.06176],
			"rotation": {"x": 0, "y": -3.4375, "z": 0.8594, "origin": [9.22302, 5.01711, 7.06176]},
			"rotated": [0, -3.4375, 0.8594],
			"faces": {
				"north": {"uv": [4, 1.66667, 6.5, 1.83333], "texture": "#0"},
				"east": {"uv": [4, 1.66667, 6.5, 1.83333], "texture": "#0"},
				"south": {"uv": [4, 1.66667, 6.5, 1.83333], "texture": "#0"},
				"west": {"uv": [4, 1.66667, 6.5, 1.83333], "texture": "#0"},
				"up": {"uv": [4, 0, 6.5, 1.33333], "texture": "#0"},
				"down": {"uv": [4, 0, 6.5, 1.33333], "texture": "#0"}
			}
		},
		{
			"from": [7.22302, 9.26711, 7.56176],
			"to": [9.22302, 10.51711, 8.56176],
			"rotation": {"x": 0, "y": -3.4375, "z": 0.8594, "origin": [9.22302, 5.01711, 7.06176]},
			"rotated": [0, -3.4375, 0.8594],
			"faces": {
				"north": {"uv": [4, 1.83333, 6, 2.66667], "texture": "#0"},
				"east": {"uv": [7, 1.83333, 8, 2.66667], "texture": "#0"},
				"south": {"uv": [4, 1.83333, 6, 2.66667], "texture": "#0"},
				"west": {"uv": [7, 1.83333, 8, 2.66667], "texture": "#0"},
				"up": {"uv": [4, 0, 6, 0.66667], "texture": "#0"},
				"down": {"uv": [4, 0, 6, 0.66667], "texture": "#0"}
			}
		},
		{
			"from": [6.22302, 10.51711, 6.81176],
			"to": [10.22302, 12.01711, 9.31176],
			"rotation": {"x": 0, "y": -3.4375, "z": 0.8594, "origin": [9.22302, 5.01711, 7.06176]},
			"rotated": [0, -3.4375, 0.8594],
			"faces": {
				"north": {"uv": [4, 0, 8, 1], "texture": "#0"},
				"east": {"uv": [4, 0, 8, 1], "texture": "#0"},
				"south": {"uv": [4, 0, 8, 1], "texture": "#0"},
				"west": {"uv": [4, 0, 8, 1], "texture": "#0"},
				"up": {"uv": [4, 0, 8, 1.66667], "texture": "#0"},
				"down": {"uv": [4, 0, 8, 1.66667], "texture": "#0"}
			}
		},
		{
			"name": "eye",
			"from": [7, 17.25, 4.25],
			"to": [9, 19.25, 5],
			"rotation": {"x": 0, "y": -3.4375, "z": 0.8594, "origin": [8, 16, 8]},
			"rotated": [0, -3.4375, 0.8594],
			"faces": {
				"north": {"uv": [13, 11.33333, 15, 12.66667], "texture": "#0"},
				"east": {"uv": [13, 10.66667, 15, 11.16667], "rotation": 90, "texture": "#0"},
				"west": {"uv": [13, 11.16667, 15, 10.66667], "rotation": 90, "texture": "#0"},
				"up": {"uv": [13, 10.66667, 15, 11.16667], "texture": "#0"},
				"down": {"uv": [13, 11.16667, 15, 10.66667], "texture": "#0"}
			}
		},
		{
			"name": "right_collar_bone",
			"from": [10, 16, 6],
			"to": [14, 20, 10],
			"rotation": {"x": 0, "y": -3.4375, "z": 0.8594, "origin": [8, 16, 8]},
			"rotated": [0, -3.4375, 0.8594],
			"faces": {
				"north": {"uv": [8, 2.66667, 12, 5.33333], "texture": "#0"},
				"east": {"uv": [8, 2.66667, 12, 5.33333], "texture": "#0"},
				"south": {"uv": [8, 2.66667, 12, 5.33333], "texture": "#0"},
				"west": {"uv": [8, 2.66667, 12, 5.33333], "texture": "#0"},
				"up": {"uv": [8, 2.66667, 12, 5.33333], "texture": "#0"},
				"down": {"uv": [8, 2.66667, 12, 5.33333], "texture": "#0"}
			}
		},
		{
			"from": [4.1295, 11.92649, 5.702],
			"to": [6.1295, 13.92649, 9.702],
			"rotation": {"x": 0, "y": -3.4375, "z": 0.8594, "origin": [3.1295, 11.92649, 6.702]},
			"rotated": [0, -3.4375, 0.8594],
			"faces": {
				"north": {"uv": [0, 0, 2, 1.33333], "texture": "#0"},
				"east": {"uv": [4, 2.66667, 0, 1.33333], "texture": "#0"},
				"south": {"uv": [0, 0, 2, 1.33333], "texture": "#0"},
				"west": {"uv": [4, 2.66667, 0, 1.33333], "texture": "#0"},
				"up": {"uv": [4, 0, 0, 1.33333], "rotation": 270, "texture": "#0"},
				"down": {"uv": [4, 0, 0, 1.33333], "rotation": 90, "texture": "#0"}
			}
		},
		{
			"from": [2.1295, 13.92649, 5.702],
			"to": [6.1295, 15.92649, 9.702],
			"rotation": {"x": 0, "y": -3.4375, "z": 0.8594, "origin": [3.1295, 11.92649, 6.702]},
			"rotated": [0, -3.4375, 0.8594],
			"faces": {
				"north": {"uv": [4, 1.33333, 0, 0], "rotation": 180, "texture": "#0"},
				"east": {"uv": [2, 2.66667, 0, 0], "rotation": 90, "texture": "#0"},
				"south": {"uv": [4, 1.33333, 0, 0], "texture": "#0"},
				"west": {"uv": [2, 2.66667, 0, 0], "rotation": 270, "texture": "#0"},
				"up": {"uv": [4, 2.66667, 0, 0], "texture": "#0"},
				"down": {"uv": [4, 2.66667, 0, 0], "rotation": 180, "texture": "#0"}
			}
		},
		{
			"from": [9.91553, 14.0734, 6.2962],
			"to": [13.91553, 16.0734, 10.2962],
			"rotation": {"x": 0, "y": -3.4375, "z": 0.8594, "origin": [12.91553, 13.0734, 10.2962]},
			"rotated": [0, -3.4375, 0.8594],
			"faces": {
				"north": {"uv": [4, 1.33333, 0, 0], "rotation": 180, "texture": "#0"},
				"east": {"uv": [2, 2.66667, 0, 0], "rotation": 90, "texture": "#0"},
				"south": {"uv": [4, 1.33333, 0, 0], "texture": "#0"},
				"west": {"uv": [2, 2.66667, 0, 0], "rotation": 270, "texture": "#0"},
				"up": {"uv": [4, 2.66667, 0, 0], "texture": "#0"},
				"down": {"uv": [4, 2.66667, 0, 0], "rotation": 180, "texture": "#0"}
			}
		},
		{
			"from": [9.91553, 12.0734, 6.2962],
			"to": [11.91553, 14.0734, 10.2962],
			"rotation": {"x": 0, "y": -3.4375, "z": 0.8594, "origin": [12.91553, 13.0734, 10.2962]},
			"rotated": [0, -3.4375, 0.8594],
			"faces": {
				"north": {"uv": [0, 0, 2, 1.33333], "texture": "#0"},
				"east": {"uv": [4, 2.66667, 0, 1.33333], "texture": "#0"},
				"south": {"uv": [0, 0, 2, 1.33333], "texture": "#0"},
				"west": {"uv": [4, 2.66667, 0, 1.33333], "texture": "#0"},
				"up": {"uv": [4, 0, 0, 1.33333], "rotation": 270, "texture": "#0"},
				"down": {"uv": [4, 0, 0, 1.33333], "rotation": 90, "texture": "#0"}
			}
		},
		{
			"name": "stomach",
			"from": [6, 12, 6],
			"to": [10, 16, 10],
			"rotation": {"x": 0, "y": -3.4375, "z": 0.8594, "origin": [8, 16, 8]},
			"rotated": [0, -3.4375, 0.8594],
			"faces": {
				"north": {"uv": [0, 10.66667, 4, 13.33333], "texture": "#0"},
				"east": {"uv": [0, 10.66667, 4, 13.33333], "texture": "#0"},
				"south": {"uv": [0, 10.66667, 4, 13.33333], "texture": "#0"},
				"west": {"uv": [0, 10.66667, 4, 13.33333], "texture": "#0"},
				"up": {"uv": [0, 10.66667, 4, 13.33333], "texture": "#0"},
				"down": {"uv": [0, 10.66667, 4, 13.33333], "texture": "#0"}
			}
		},
		{
			"name": "left_collar_bone",
			"from": [2, 16, 6],
			"to": [6, 20, 10],
			"rotation": {"x": 0, "y": -3.4375, "z": 0.8594, "origin": [8, 16, 8]},
			"rotated": [0, -3.4375, 0.8594],
			"faces": {
				"north": {"uv": [8, 2.66667, 12, 5.33333], "texture": "#0"},
				"east": {"uv": [8, 2.66667, 12, 5.33333], "texture": "#0"},
				"south": {"uv": [8, 2.66667, 12, 5.33333], "texture": "#0"},
				"west": {"uv": [8, 2.66667, 12, 5.33333], "texture": "#0"},
				"up": {"uv": [8, 2.66667, 12, 5.33333], "texture": "#0"},
				"down": {"uv": [8, 2.66667, 12, 5.33333], "texture": "#0"}
			}
		},
		{
			"name": "back_cannon",
			"from": [6, 16, 7.75],
			"to": [10, 20, 11],
			"rotation": {"x": 0, "y": -3.4375, "z": 0.8594, "origin": [8, 16, 8]},
			"rotated": [0, -3.4375, 0.8594],
			"faces": {
				"north": {"uv": [4, 5.33333, 8, 8], "texture": "#0"},
				"east": {"uv": [16, 3.16667, 12, 5.33333], "rotation": 270, "texture": "#0"},
				"south": {"uv": [0, 5.33333, 4, 8], "texture": "#0"},
				"west": {"uv": [16, 5.33333, 12, 3.16667], "rotation": 270, "texture": "#0"},
				"up": {"uv": [16, 3.16667, 12, 5.33333], "rotation": 180, "texture": "#0"},